{"cameraMode":{"drawMode":0,"name":"Shaded","section":"Shading Mode"},"sceneLighting":true,"audioPlay":false,"sceneViewState":{"showFog":true,"showMaterialUpdate":false,"showSkybox":true,"showFlares":true,"showImageEffects":true,"showParticleSystems":true},"in2DMode":false,"pivot":{"x":-5.937464714050293,"y":-11.645086288452149,"z":-13.32302474975586},"rotation":{"x":0.05346938222646713,"y":0.9295556545257568,"z":-0.3328084945678711,"w":0.14934533834457398},"size":10.0,"orthographic":false}