{"cameraMode":{"drawMode":0,"name":"Shaded","section":"Shading Mode"},"sceneLighting":false,"audioPlay":false,"sceneViewState":{"showFog":true,"showMaterialUpdate":false,"showSkybox":false,"showFlares":true,"showImageEffects":true,"showParticleSystems":true},"in2DMode":false,"pivot":{"x":1.1920928955078126e-7,"y":0.8895276188850403,"z":-0.0633414089679718},"rotation":{"x":-0.04087219387292862,"y":0.9587870836257935,"z":-0.18519842624664308,"w":-0.21158356964588166},"size":1.4478952884674073,"orthographic":false}