{"cameraMode":{"drawMode":0,"name":"Shaded","section":"Shading Mode"},"sceneLighting":false,"audioPlay":false,"sceneViewState":{"showFog":true,"showMaterialUpdate":false,"showSkybox":false,"showFlares":true,"showImageEffects":true,"showParticleSystems":true},"in2DMode":false,"pivot":{"x":-0.05620235204696655,"y":0.796881914138794,"z":-0.09005290269851685},"rotation":{"x":0.13040606677532197,"y":-0.6858454942703247,"z":0.12693016231060029,"w":0.7046294808387756},"size":1.5539500713348389,"orthographic":false}