{"cameraMode":{"drawMode":0,"name":"Shaded","section":"Shading Mode"},"sceneLighting":false,"audioPlay":false,"sceneViewState":{"showFog":true,"showMaterialUpdate":false,"showSkybox":false,"showFlares":true,"showImageEffects":true,"showParticleSystems":true},"in2DMode":false,"pivot":{"x":-1.0512897968292237,"y":0.7675226330757141,"z":0.06499795615673065},"rotation":{"x":0.08150961250066757,"y":-0.7978948354721069,"z":0.1108139380812645,"w":0.5868977308273315},"size":1.2710397243499756,"orthographic":false}