{"cameraMode":{"drawMode":0,"name":"Shaded","section":"Shading Mode"},"sceneLighting":false,"audioPlay":false,"sceneViewState":{"showFog":true,"showMaterialUpdate":false,"showSkybox":false,"showFlares":true,"showImageEffects":true,"showParticleSystems":true},"in2DMode":false,"pivot":{"x":1.5945225954055787,"y":2.91838002204895,"z":-1.8079687356948853},"rotation":{"x":0.12392931431531906,"y":-0.8759582042694092,"z":0.33724185824394228,"w":0.3219597041606903},"size":1.5107946395874024,"orthographic":false}