{"cameraMode":{"drawMode":0,"name":"Shaded","section":"Shading Mode"},"sceneLighting":false,"audioPlay":false,"sceneViewState":{"showFog":true,"showMaterialUpdate":false,"showSkybox":false,"showFlares":true,"showImageEffects":true,"showParticleSystems":true},"in2DMode":false,"pivot":{"x":0.1715744435787201,"y":-0.13292984664440156,"z":0.13427305221557618},"rotation":{"x":0.33249595761299136,"y":-0.01612742245197296,"z":0.005687166936695576,"w":0.9429518580436707},"size":0.4860420823097229,"orthographic":false}