{"cameraMode":{"drawMode":0,"name":"Shaded","section":"Shading Mode"},"sceneLighting":false,"audioPlay":false,"sceneViewState":{"showFog":true,"showMaterialUpdate":false,"showSkybox":false,"showFlares":true,"showImageEffects":true,"showParticleSystems":true},"in2DMode":false,"pivot":{"x":0.2508307695388794,"y":0.6580218076705933,"z":-0.0863116979598999},"rotation":{"x":0.015664102509617807,"y":0.9578632712364197,"z":-0.053214363753795627,"w":0.28187161684036257},"size":0.6379315257072449,"orthographic":false}