{"cameraMode":{"drawMode":0,"name":"Shaded","section":"Shading Mode"},"sceneLighting":false,"audioPlay":false,"sceneViewState":{"showFog":true,"showMaterialUpdate":false,"showSkybox":false,"showFlares":true,"showImageEffects":true,"showParticleSystems":true},"in2DMode":false,"pivot":{"x":-0.1594812572002411,"y":0.9640524387359619,"z":-0.08489427715539932},"rotation":{"x":-0.12470662593841553,"y":0.7843088507652283,"z":-0.16742266714572907,"w":-0.5841941833496094},"size":1.4478952884674073,"orthographic":false}