{"cameraMode":{"drawMode":0,"name":"Shaded","section":"Shading Mode"},"sceneLighting":true,"audioPlay":false,"sceneViewState":{"showFog":true,"showMaterialUpdate":false,"showSkybox":true,"showFlares":true,"showImageEffects":true,"showParticleSystems":true},"in2DMode":false,"pivot":{"x":0.8665724992752075,"y":1.633713722229004,"z":-0.31012335419654848},"rotation":{"x":0.2604692280292511,"y":-0.5450819134712219,"z":0.18305741250514985,"w":0.7755882143974304},"size":1.039230465888977,"orthographic":false}